Aleksandrów Kujawski,aleksandrowski,kujawsko-pomorskie,"7,23",12 540,1734
Aleksandrów Łódzki,zgierski,łódzkie,"13,82",21 184,1533
Alwernia,chrzanowski,małopolskie,"8,88",3459,390
Andrychów,wadowicki,małopolskie,"10,33",21 239,2056
Annopol,kraśnicki,lubelskie,"7,73",2655,343
Augustów,augustowski,podlaskie,"80,90",30 809,381
Babimost,zielonogórski,lubuskie,"3,65",4038,1106
Baborów,głubczycki,opolskie,"11,86",3088,260
Baranów Sandomierski,tarnobrzeski,podkarpackie,"9,15",1508,165
Barcin,żniński,kujawsko-pomorskie,"3,70",7802,2109
Barczewo,olsztyński,warmińsko-mazurskie,"4,58",7320,1598
Bardo,ząbkowicki,dolnośląskie,"4,71",2736,581
Barlinek,myśliborski,zachodniopomorskie,"17,55",14 277,814
Bartoszyce,bartoszycki,warmińsko-mazurskie,"11,00",24 719,2247
Barwice,szczecinecki,zachodniopomorskie,"7,52",3839,511
Bełchatów,bełchatowski,łódzkie,"34,64",60 032,1733
Bełżyce,lubelski,lubelskie,"23,46",6810,290
Będzin,będziński,śląskie,"37,37",58 735,1572
Biała,prudnicki,opolskie,"14,72",2534,172
Biała Piska,piski,warmińsko-mazurskie,"3,24",4114,1270
Biała Podlaska,Biała Podlaska[1],lubelskie,"49,40",57 990,1174
Biała Rawska,rawski,łódzkie,"9,53",3272,343
Białobrzegi,białobrzeski,mazowieckie,"7,51",7191,958
Białogard,białogardzki,zachodniopomorskie,"25,73",24 794,964
Biały Bór,szczecinecki,zachodniopomorskie,"12,82",2246,175
Białystok,Białystok[1],podlaskie,"102,13",294 921,2888
Biecz,gorlicki,małopolskie,"17,71",4704,266
Bielawa,dzierżoniowski,dolnośląskie,"36,21",31 480,869
Bielsk Podlaski,bielski,podlaskie,"27,01",26 525,982
Bielsko-Biała,Bielsko-Biała[1],śląskie,"124,51",174 370,1400
Bieruń,bieruńsko-lędziński,śląskie,"40,49",19 681,486
Bierutów,oleśnicki,dolnośląskie,"8,36",5038,603
Bieżuń,żuromiński,mazowieckie,"12,07",1932,160
Biłgoraj,biłgorajski,lubelskie,"21,10",27 252,1292
Biskupiec,olsztyński,warmińsko-mazurskie,"5,00",10 669,2134
Bisztynek,bartoszycki,warmińsko-mazurskie,"2,16",2524,1169
Blachownia,częstochowski,śląskie,"36,66",9863,269
Błaszki,sieradzki,łódzkie,"1,62",2298,1419
Błażowa,rzeszowski,podkarpackie,"4,23",2182,516
Błonie,warszawski zachodni,mazowieckie,"9,09",12 602,1386
Bobolice,koszaliński,zachodniopomorskie,"4,77",4271,895
Bobowa,gorlicki,małopolskie,"7,18",2996,417
Bochnia,bocheński,małopolskie,"29,87",30 303,1014
Bodzentyn,kielecki,świętokrzyskie,"8,65",2290,265
Bogatynia,zgorzelecki,dolnośląskie,"59,88",18 566,310
Boguchwała,rzeszowski,podkarpackie,"9,11",5796,636
Boguszów-Gorce,wałbrzyski,dolnośląskie,"27,02",16 417,608
Bojanowo,rawicki,wielkopolskie,"2,34",2998,1281
Bolesławiec,bolesławiecki,dolnośląskie,"23,57",39 851,1691
Bolków,jaworski,dolnośląskie,"7,68",5409,704
Borek Wielkopolski,gostyński,wielkopolskie,"6,29",2534,403
Borne Sulinowo,szczecinecki,zachodniopomorskie,"18,15",4850,267
Braniewo,braniewski,warmińsko-mazurskie,"12,41",17 455,1407
Brańsk,bielski,podlaskie,"32,43",3876,120
Brodnica,brodnicki,kujawsko-pomorskie,"23,15",28 580,1235
Brok,ostrowski,mazowieckie,"28,06",1983,71
Brusy,chojnicki,pomorskie,"5,20",4985,959
Brwinów,pruszkowski,mazowieckie,"10,10",13 002,1287
Brzeg,brzeski,opolskie,"14,61",37 261,2550
Brzeg Dolny,wołowski,dolnośląskie,"17,20",12 657,736
Brzesko,brzeski,małopolskie,"11,83",17 193,1453
Brzeszcze,oświęcimski,małopolskie,"19,04",11 691,614
Brześć Kujawski,włocławski,kujawsko-pomorskie,"7,04",4768,677
Brzeziny,brzeziński,łódzkie,"21,58",12 587,583
Brzostek,dębicki,podkarpackie,"8,76",2697,308
Brzozów,brzozowski,podkarpackie,"11,46",7631,666
Buk,poznański,wielkopolskie,"2,96",6220,2101
Bukowno,olkuski,małopolskie,"64,59",10 488,162
Busko-Zdrój,buski,świętokrzyskie,"12,28",16 860,1373
Bychawa,lubelski,lubelskie,"6,69",5240,783
Byczyna,kluczborski,opolskie,"5,79",3722,643
Bydgoszcz,Bydgoszcz[1],kujawsko-pomorskie,"175,98",361 254,2053
Bystrzyca Kłodzka,kłodzki,dolnośląskie,"10,74",10 552,982
Bytom,Bytom[1],śląskie,"69,44",174 724,2516
Bytom Odrzański,nowosolski,lubuskie,"2,30",4479,1947
Bytów,bytowski,pomorskie,"8,72",17 002,1950
Cedynia,gryfiński,zachodniopomorskie,"1,67",1685,1009
Chełm,Chełm[1],lubelskie,"35,28",65 897,1868
Chełmek,oświęcimski,małopolskie,"8,27",9216,1114
Chełmno,chełmiński,kujawsko-pomorskie,"13,56",20 813,1535
Chełmża,toruński,kujawsko-pomorskie,"7,84",15 066,1922
Chęciny,kielecki,świętokrzyskie,"14,13",4448,315
Chmielnik,kielecki,świętokrzyskie,"7,80",3937,505
Chocianów,polkowicki,dolnośląskie,"9,00",8274,919
Chociwel,stargardzki,zachodniopomorskie,"3,67",3216,876
Chodecz,włocławski,kujawsko-pomorskie,"1,39",1921,1382
Chodzież,chodzieski,wielkopolskie,"12,77",19 651,1539
Chojna,gryfiński,zachodniopomorskie,"12,12",7353,607
Chojnice,chojnicki,pomorskie,"21,04",40 306,1916
Chojnów,legnicki,dolnośląskie,"5,32",14 210,2671
Choroszcz,białostocki,podlaskie,"16,79",5728,341
Chorzele,przasnyski,mazowieckie,"17,51",2981,170
Chorzów,Chorzów[1],śląskie,"33,24",111 168,3344
Choszczno,choszczeński,zachodniopomorskie,"9,58",15 800,1649
Chrzanów,chrzanowski,małopolskie,"38,32",38 420,1003
Ciechanowiec,wysokomazowiecki,podlaskie,"19,53",4833,247
Ciechanów,ciechanowski,mazowieckie,"32,78",44 974,1372
Ciechocinek,aleksandrowski,kujawsko-pomorskie,"15,26",10 791,707
Cieszanów,lubaczowski,podkarpackie,"15,06",1962,130
Cieszyn,cieszyński,śląskie,"28,61",36 119,1262
Ciężkowice,tarnowski,małopolskie,"9,99",2480,248
Cybinka,słubicki,lubuskie,"5,29",2834,536
Czaplinek,drawski,zachodniopomorskie,"13,62",7200,529
Czarna Białostocka,białostocki,podlaskie,"14,28",9737,682
Czarna Woda,starogardzki,pomorskie,"27,73",3303,119
Czarne,człuchowski,pomorskie,"46,43",6107,132
Czarnków,czarnkowsko-trzcianecki,wielkopolskie,"10,04",11 305,1126
Czchów,brzeski,małopolskie,"14,09",2364,168
Czechowice-Dziedzice,bielski,śląskie,"32,91",35 543,1080
Czeladź,będziński,śląskie,"16,38",33 345,2036
Czempiń,kościański,wielkopolskie,"3,32",5288,1593
Czerniejewo,gnieźnieński,wielkopolskie,"10,19",2662,261
Czersk,chojnicki,pomorskie,"9,73",10 045,1032
Czerwieńsk,zielonogórski,lubuskie,"9,36",4233,452
Czerwionka-Leszczyny,rybnicki,śląskie,"37,63",28 534,758
Częstochowa,Częstochowa[1],śląskie,"159,71",234 472,1468
Człopa,wałecki,zachodniopomorskie,"6,27",2335,372
Człuchów,człuchowski,pomorskie,"12,78",14 536,1137
Czyżew,wysokomazowiecki,podlaskie,"5,23",2634,504
Ćmielów,ostrowiecki,świętokrzyskie,"13,34",3183,239
Daleszyce,kielecki,świętokrzyskie,"15,50",2929,189
Darłowo,sławieński,zachodniopomorskie,"20,21",14 308,708
Dąbie,kolski,wielkopolskie,"8,80",2099,239
Dąbrowa Białostocka,sokólski,podlaskie,"22,64",5991,265
Dąbrowa Górnicza,Dąbrowa Górnicza[1],śląskie,"188,73",124 701,661
Dąbrowa Tarnowska,dąbrowski,małopolskie,"23,07",11 861,514
Debrzno,człuchowski,pomorskie,"7,51",5241,698
Dębica,dębicki,podkarpackie,"33,83",47 180,1395
Dęblin,rycki,lubelskie,"38,33",17 267,450
Dębno,myśliborski,zachodniopomorskie,"19,51",14 124,724
Dobczyce,myślenicki,małopolskie,"12,97",6417,495
Dobiegniew,strzelecko-drezdenecki,lubuskie,"5,69",3204,563
Dobra,łobeski,zachodniopomorskie,"2,37",2362,997
Dobra,turecki,wielkopolskie,"1,84",1453,790
Dobre Miasto,olsztyński,warmińsko-mazurskie,"4,86",10 661,2194
Dobrodzień,oleski,opolskie,"19,53",3825,196
Dobrzany,stargardzki,zachodniopomorskie,"5,34",2378,445
Dobrzyń nad Wisłą,lipnowski,kujawsko-pomorskie,"5,41",2294,424
Dolsk,śremski,wielkopolskie,"6,20",1550,250
Drawno,choszczeński,zachodniopomorskie,"5,03",2364,470
Drawsko Pomorskie,drawski,zachodniopomorskie,"22,33",11 895,533
Drezdenko,strzelecko-drezdenecki,lubuskie,"10,72",10 491,979
Drobin,płocki,mazowieckie,"9,65",2999,311
Drohiczyn,siemiatycki,podlaskie,"15,69",2121,135
Drzewica,opoczyński,łódzkie,"4,81",3994,830
Dukla,krośnieński,podkarpackie,"5,48",2194,400
Duszniki-Zdrój,kłodzki,dolnośląskie,"22,28",4977,223
Dynów,rzeszowski,podkarpackie,"24,55",6195,252
Działdowo,działdowski,warmińsko-mazurskie,"11,47",21 589,1882
Działoszyce,pińczowski,świętokrzyskie,"1,92",1009,526
Działoszyn,pajęczański,łódzkie,"4,94",6264,1268
Dzierzgoń,sztumski,pomorskie,"3,90",5640,1446
Dzierżoniów,dzierżoniowski,dolnośląskie,"20,07",34 679,1728
Dziwnów,kamieński,zachodniopomorskie,"4,97",2779,559
Elbląg,Elbląg[1],warmińsko-mazurskie,"79,82",123 659,1549
Ełk,ełcki,warmińsko-mazurskie,"21,05",59 646,2834
Frampol,biłgorajski,lubelskie,"4,67",1493,320
Frombork,braniewski,warmińsko-mazurskie,"7,59",2458,324
Garwolin,garwoliński,mazowieckie,"22,08",17 147,777
Gąbin,płocki,mazowieckie,"27,95",4174,149
Gdańsk,Gdańsk[1],pomorskie,"261,96",460 427,1758
Gdynia,Gdynia[1],pomorskie,"135,14",248 726,1841
Giżycko,giżycki,warmińsko-mazurskie,"13,72",30 096,2194
Glinojeck,ciechanowski,mazowieckie,"7,37",3142,426
Gliwice,Gliwice[1],śląskie,"133,88",186 210,1391
Głogów,głogowski,dolnośląskie,"35,11",69 185,1971
Głogów Małopolski,rzeszowski,podkarpackie,"13,71",6014,439
Głogówek,prudnicki,opolskie,"22,06",5756,261
Głowno,zgierski,łódzkie,"19,84",14 966,754
Głubczyce,głubczycki,opolskie,"12,54",13 052,1041
Głuchołazy,nyski,opolskie,"6,83",14 382,2106
Głuszyca,wałbrzyski,dolnośląskie,"16,21",6739,416
Gniew,tczewski,pomorskie,"6,04",6915,1145
Gniewkowo,inowrocławski,kujawsko-pomorskie,"9,18",7368,803
Gniezno,gnieźnieński,wielkopolskie,"40,60",70 141,1728
Gogolin,krapkowicki,opolskie,"20,35",6512,320
Golczewo,kamieński,zachodniopomorskie,"7,42",2756,371
Goleniów,goleniowski,zachodniopomorskie,"11,78",22 846,1939
Golina,koniński,wielkopolskie,"3,52",4471,1270
Golub-Dobrzyń,golubsko-dobrzyński,kujawsko-pomorskie,"7,50",13 014,1735
Gołańcz,wągrowiecki,wielkopolskie,"12,64",3431,271
Gołdap,gołdapski,warmińsko-mazurskie,"17,20",13 791,802
Goniądz,moniecki,podlaskie,"4,28",1902,444
Gorlice,gorlicki,małopolskie,"23,53",28 555,1214
Gorzów Śląski,oleski,opolskie,"18,54",2544,137
Gorzów Wielkopolski,Gorzów Wielkopolski[1],lubuskie,"85,72",124 609,1454
Gostynin,gostyniński,mazowieckie,"32,40",19 205,593
Gostyń,gostyński,wielkopolskie,"11,09",20 183,1820
Gościno,kołobrzeski,zachodniopomorskie,"5,70",2527,443
Gozdnica,żagański,lubuskie,"23,88",3328,139
Góra,górowski,dolnośląskie,"13,65",12 492,915
Góra Kalwaria,piaseczyński,mazowieckie,"13,67",11 651,852
Górowo Iławeckie,bartoszycki,warmińsko-mazurskie,"3,32",4350,1310
Górzno,brodnicki,kujawsko-pomorskie,"3,43",1415,413
Grabów nad Prosną,ostrzeszowski,wielkopolskie,"2,58",1967,762
Grajewo,grajewski,podlaskie,"18,93",22 375,1182
Grodków,brzeski,opolskie,"9,88",8900,901
Grodzisk Mazowiecki,grodziski,mazowieckie,"13,19",29 763,2256
Grodzisk Wielkopolski,grodziski,wielkopolskie,"18,21",14 265,783
Grójec,grójecki,mazowieckie,"8,57",16 333,1906
Grudziądz,Grudziądz[1],kujawsko-pomorskie,"57,76",97 971,1696
Grybów,nowosądecki,małopolskie,"16,95",6175,364
Gryfice,gryficki,zachodniopomorskie,"12,40",17 016,1372
Gryfino,gryfiński,zachodniopomorskie,"9,58",21 589,2254
Gryfów Śląski,lwówecki,dolnośląskie,"6,63",6988,1054
Gubin,krośnieński,lubuskie,"20,68",17 019,823
Hajnówka,hajnowski,podlaskie,"21,29",21 834,1026
Halinów,miński,mazowieckie,"2,84",3612,1272
Hel,pucki,pomorskie,"21,72",3737,172
Hrubieszów,hrubieszowski,lubelskie,"33,03",18 731,567
Iława,iławski,warmińsko-mazurskie,"21,88",33 360,1525
Iłowa,żagański,lubuskie,"9,18",4044,441
Iłża,radomski,mazowieckie,"15,83",5111,323
Imielin,bieruńsko-lędziński,śląskie,"27,99",8542,305
Inowrocław,inowrocławski,kujawsko-pomorskie,"30,42",75 517,2482
Ińsko,stargardzki,zachodniopomorskie,"7,48",2066,276
Iwonicz-Zdrój,krośnieński,podkarpackie,"5,89",1904,323
Izbica Kujawska,włocławski,kujawsko-pomorskie,"2,24",2779,1241
Jabłonowo Pomorskie,brodnicki,kujawsko-pomorskie,"3,35",3831,1144
Janikowo,inowrocławski,kujawsko-pomorskie,"9,51",9145,962
Janowiec Wielkopolski,żniński,kujawsko-pomorskie,"3,04",4106,1351
Janów Lubelski,janowski,lubelskie,"14,80",12 145,821
Jarocin,jarociński,wielkopolskie,"14,64",26 278,1795
Jarosław,jarosławski,podkarpackie,"34,61",39 426,1139
Jasień,żarski,lubuskie,"4,79",4455,930
Jasło,jasielski,podkarpackie,"36,52",36 641,1003
Jastarnia,pucki,pomorskie,"7,80",3905,501
Jastrowie,złotowski,wielkopolskie,"72,30",8666,120
Jastrzębie-Zdrój,Jastrzębie-Zdrój[1],śląskie,"85,33",91 723,1075
Jawor,jaworski,dolnośląskie,"18,80",24 096,1282
Jaworzno,Jaworzno[1],śląskie,"152,59",94 305,618
Jaworzyna Śląska,świdnicki,dolnośląskie,"4,34",5261,1212
Jedlicze,krośnieński,podkarpackie,"10,60",5782,545
Jedlina-Zdrój,wałbrzyski,dolnośląskie,"17,45",5033,288
Jedwabne,łomżyński,podlaskie,"4,54",1738,383
Jelcz-Laskowice,oławski,dolnośląskie,"17,06",15 864,930
Jelenia Góra,Jelenia Góra[1],dolnośląskie,"109,22",82 846,759
Jeziorany,olsztyński,warmińsko-mazurskie,"3,41",3333,977
Jędrzejów,jędrzejowski,świętokrzyskie,"11,37",15 982,1406
Jordanów,suski,małopolskie,"21,03",5389,256
Józefów,biłgorajski,lubelskie,"5,00",2520,504
Józefów,otwocki,mazowieckie,"23,91",19 947,834
Jutrosin,rawicki,wielkopolskie,"1,62",1924,1188
Kalety,tarnogórski,śląskie,"76,29",8658,113
Kalisz,Kalisz[1],wielkopolskie,"69,42",104 676,1508
Kalisz Pomorski,drawski,zachodniopomorskie,"11,96",4333,362
Kalwaria Zebrzydowska,wadowicki,małopolskie,"5,50",4608,838
Kałuszyn,miński,mazowieckie,"12,30",2945,239
Kamienna Góra,kamiennogórski,dolnośląskie,"18,04",20 342,1128
Kamień Krajeński,sępoleński,kujawsko-pomorskie,"3,65",2358,646
Kamień Pomorski,kamieński,zachodniopomorskie,"10,74",9190,856
Kamieńsk,radomszczański,łódzkie,"11,99",2893,241
Kańczuga,przeworski,podkarpackie,"7,60",3242,427
Karczew,otwocki,mazowieckie,"28,12",10 177,362
Kargowa,zielonogórski,lubuskie,"4,55",3731,820
Karlino,białogardzki,zachodniopomorskie,"9,40",6005,639
Karpacz,jeleniogórski,dolnośląskie,"37,99",5007,132
Kartuzy,kartuski,pomorskie,"6,80",15 007,2207
Katowice,Katowice[1],śląskie,"164,64",307 233,1866
Kazimierz Dolny,puławski,lubelskie,"30,44",2638,87
Kazimierza Wielka,kazimierski,świętokrzyskie,"5,33",5832,1094
Kąty Wrocławskie,wrocławski,dolnośląskie,"8,61",6264,728
Kcynia,nakielski,kujawsko-pomorskie,"6,84",4775,698
Kędzierzyn-Koźle,kędzierzyńsko-kozielski,opolskie,"123,71",63 635,514
Kępice,słupski,pomorskie,"6,11",3818,625
Kępno,kępiński,wielkopolskie,"7,79",14 657,1882
Kętrzyn,kętrzyński,warmińsko-mazurskie,"10,35",28 256,2730
Kęty,oświęcimski,małopolskie,"23,05",19 151,831
Kielce,Kielce[1],świętokrzyskie,"109,65",200 938,1833
Kietrz,głubczycki,opolskie,"18,74",6195,331
Kisielice,iławski,warmińsko-mazurskie,"3,37",2189,650
Kleczew,koniński,wielkopolskie,"6,70",4243,633
Kleszczele,hajnowski,podlaskie,"46,71",1368,29
Kluczbork,kluczborski,opolskie,"12,35",24 707,2001
Kłecko,gnieźnieński,wielkopolskie,"9,62",2670,278
Kłobuck,kłobucki,śląskie,"47,46",13 281,280
Kłodawa,kolski,wielkopolskie,"4,31",6776,1572
Kłodzko,kłodzki,dolnośląskie,"24,84",28 356,1142
Knurów,gliwicki,śląskie,"33,95",39 320,1158
Knyszyn,moniecki,podlaskie,"23,68",2851,120
Kobylin,krotoszyński,wielkopolskie,"4,87",3282,674
Kobyłka,wołomiński,mazowieckie,"19,64",20 458,1042
Kock,lubartowski,lubelskie,"16,78",3436,205
Kolbuszowa,kolbuszowski,podkarpackie,"7,94",9341,1176
Kolno,kolneński,podlaskie,"25,07",10 679,426
Kolonowskie,strzelecki,opolskie,"55,70",3396,61
Koluszki,łódzki wschodni,łódzkie,"9,90",13 542,1368
Kołaczyce,jasielski,podkarpackie,"7,15",1447,202
Koło,kolski,wielkopolskie,"13,85",23 064,1665
Kołobrzeg,kołobrzeski,zachodniopomorskie,"25,67",46 951,1829
Koniecpol,częstochowski,śląskie,"36,92",6233,169
Konin,Konin[1],wielkopolskie,"82,20",77 847,947
Konstancin-Jeziorna,piaseczyński,mazowieckie,"17,74",17 473,985
Konstantynów Łódzki,pabianicki,łódzkie,"27,25",17 757,652
Końskie,konecki,świętokrzyskie,"17,70",20 530,1160
Koprzywnica,sandomierski,świętokrzyskie,"17,90",2589,145
Korfantów,nyski,opolskie,"10,23",1910,187
Koronowo,bydgoski,kujawsko-pomorskie,"28,15",11 360,404
Korsze,kętrzyński,warmińsko-mazurskie,"4,03",4600,1141
Kosów Lacki,sokołowski,mazowieckie,"11,57",2197,190
Kostrzyn,poznański,wielkopolskie,"7,98",9426,1181
Kostrzyn nad Odrą,gorzowski,lubuskie,"46,14",18 125,393
Koszalin,Koszalin[1],zachodniopomorskie,"98,34",109 343,1112
Kościan,kościański,wielkopolskie,"8,79",24 050,2736
Kościerzyna,kościerski,pomorskie,"15,86",23 779,1499
Kowal,włocławski,kujawsko-pomorskie,"4,68",3538,756
Kowalewo Pomorskie,golubsko-dobrzyński,kujawsko-pomorskie,"4,45",4270,960
Kowary,jeleniogórski,dolnośląskie,"37,39",11 648,312
Koziegłowy,myszkowski,śląskie,"26,71",2475,93
Kozienice,kozienicki,mazowieckie,"10,45",18 422,1763
Koźmin Wielkopolski,krotoszyński,wielkopolskie,"5,89",6707,1139
Kożuchów,nowosolski,lubuskie,"5,94",9718,1636
Kórnik,poznański,wielkopolskie,"5,99",7351,1227
Krajenka,złotowski,wielkopolskie,"3,76",3798,1010
Kraków,Kraków[1],małopolskie,"326,85",758 463,2321
Krapkowice,krapkowicki,opolskie,"21,01",17 137,816
Krasnobród,zamojski,lubelskie,"6,99",3097,443
Krasnystaw,krasnostawski,lubelskie,"42,13",19 588,465
Kraśnik,kraśnicki,lubelskie,"26,10",36 038,1381
Krobia,gostyński,wielkopolskie,"7,05",4213,598
Krosno,Krosno[1],podkarpackie,"43,50",47 307,1088
Krosno Odrzańskie,krośnieński,lubuskie,"8,15",12 038,1477
Krośniewice,kutnowski,łódzkie,"4,18",4603,1101
Krotoszyn,krotoszyński,wielkopolskie,"22,54",29 577,1312
Kruszwica,inowrocławski,kujawsko-pomorskie,"6,64",9214,1388
Krynica Morska,nowodworski,pomorskie,"116,01",1349,12
Krynica-Zdrój,nowosądecki,małopolskie,"39,68",11 191,282
Krynki,sokólski,podlaskie,"3,83",2550,666
Krzanowice,raciborski,śląskie,"3,08",2218,720
Krzepice,kłobucki,śląskie,"27,66",4492,162
Krzeszowice,krakowski,małopolskie,"16,97",10 281,606
Krzywiń,kościański,wielkopolskie,"2,27",1629,718
Krzyż Wielkopolski,czarnkowsko-trzcianecki,wielkopolskie,"5,81",6180,1064
Książ Wielkopolski,śremski,wielkopolskie,"1,96",2778,1417
Kudowa-Zdrój,kłodzki,dolnośląskie,"33,90",10 350,305
Kunów,ostrowiecki,świętokrzyskie,"7,26",3148,434
Kutno,kutnowski,łódzkie,"33,59",45 975,1369
Kuźnia Raciborska,raciborski,śląskie,"31,49",5504,175
Kwidzyn,kwidzyński,pomorskie,"21,54",38 931,1807
Lądek-Zdrój,kłodzki,dolnośląskie,"20,32",6023,296
Legionowo,legionowski,mazowieckie,"13,54",54 109,3996
Legnica,Legnica[1],dolnośląskie,"56,29",102 422,1820
Lesko,leski,podkarpackie,"15,33",5674,370
Leszno,Leszno[1],wielkopolskie,"31,86",64 722,2031
Leśna,lubański,dolnośląskie,"8,56",4703,549
Leśnica,strzelecki,opolskie,"14,50",2696,186
Lewin Brzeski,brzeski,opolskie,"11,64",6089,523
Leżajsk,leżajski,podkarpackie,"20,58",14 448,702
Lębork,lęborski,pomorskie,"17,86",35 588,1993
Lędziny,bieruńsko-lędziński,śląskie,"31,65",16 665,527
Libiąż,chrzanowski,małopolskie,"35,85",17 374,485
Lidzbark,działdowski,warmińsko-mazurskie,"5,68",8228,1449
Lidzbark Warmiński,lidzbarski,warmińsko-mazurskie,"14,35",16 539,1153
Limanowa,limanowski,małopolskie,"18,70",15 132,809
Lipiany,pyrzycki,zachodniopomorskie,"5,54",4142,748
Lipno,lipnowski,kujawsko-pomorskie,"10,99",15 077,1372
Lipsk,augustowski,podlaskie,"4,98",2476,497
Lipsko,lipski,mazowieckie,"15,70",5895,375
Lubaczów,lubaczowski,podkarpackie,"25,73",12 552,488
Lubań,lubański,dolnośląskie,"16,12",22 108,1371
Lubartów,lubartowski,lubelskie,"13,91",22 654,1629
Lubawa,iławski,warmińsko-mazurskie,"16,84",10 059,597
Lubawka,kamiennogórski,dolnośląskie,"22,44",6396,285
Lubień Kujawski,włocławski,kujawsko-pomorskie,"2,31",1398,605
Lubin,lubiński,dolnośląskie,"40,77",74 669,1831
Lublin,Lublin[1],lubelskie,"147,47",347 678,2358
Lubliniec,lubliniecki,śląskie,"89,36",24 394,273
Lubniewice,sulęciński,lubuskie,"12,11",2064,170
Lubomierz,lwówecki,dolnośląskie,"8,05",2009,250
Luboń,poznański,wielkopolskie,"13,51",30 297,2243
Lubraniec,włocławski,kujawsko-pomorskie,"1,97",3159,1604
Lubsko,żarski,lubuskie,"12,51",14 646,1171
Lwówek,nowotomyski,wielkopolskie,"3,16",3052,966
Lwówek Śląski,lwówecki,dolnośląskie,"16,65",9338,561
Łabiszyn,żniński,kujawsko-pomorskie,"2,89",4544,1572
Łańcut,łańcucki,podkarpackie,"19,42",18 143,934
Łapy,białostocki,podlaskie,"12,14",16 124,1328
Łasin,grudziądzki,kujawsko-pomorskie,"4,79",3405,711
Łask,łaski,łódzkie,"15,67",18 202,1162
Łaskarzew,garwoliński,mazowieckie,"15,35",4929,321
Łaszczów,tomaszowski,lubelskie,"5,01",2203,440
Łaziska Górne,mikołowski,śląskie,"20,07",22 467,1119
Łazy,zawierciański,śląskie,"8,60",7089,824
Łeba,lęborski,pomorskie,"14,81",3864,261
Łęczna,łęczyński,lubelskie,"19,00",20 317,1069
Łęczyca,łęczycki,łódzkie,"8,95",14 905,1665
Łęknica,żarski,lubuskie,"16,43",2602,158
Łobez,łobeski,zachodniopomorskie,"12,84",10 549,822
Łobżenica,pilski,wielkopolskie,"3,25",3054,940
Łochów,węgrowski,mazowieckie,"13,39",6748,504
Łomianki,warszawski zachodni,mazowieckie,"8,40",16 600,1976
Łomża,Łomża[1],podlaskie,"32,67",62 812,1923
Łosice,łosicki,mazowieckie,"23,74",7120,300
Łowicz,łowicki,łódzkie,"23,42",29 640,1266
Łódź,Łódź[1],łódzkie,"293,25",718 960,2452
Łuków,łukowski,lubelskie,"35,75",30 827,862
Maków Mazowiecki,makowski,mazowieckie,"10,28",10 211,993
Maków Podhalański,suski,małopolskie,"20,12",6046,300
Malbork,malborski,pomorskie,"17,16",39 252,2287
Małogoszcz,jędrzejowski,świętokrzyskie,"9,68",3975,411
Małomice,żagański,lubuskie,"5,37",3621,674
Margonin,chodzieski,wielkopolskie,"5,15",3028,588
Marki,wołomiński,mazowieckie,"26,15",28 288,1082
Maszewo,goleniowski,zachodniopomorskie,"5,54",3336,602
Miasteczko Śląskie,tarnogórski,śląskie,"67,83",7494,110
Miastko,bytowski,pomorskie,"5,68",11 051,1946
Michałowo,białostocki,podlaskie,"2,15",3221,1498
Miechów,miechowski,małopolskie,"15,49",11 845,765
Miejska Górka,rawicki,wielkopolskie,"3,14",3239,1032
Mielec,mielecki,podkarpackie,"46,89",61 238,1306
Mieroszów,wałbrzyski,dolnośląskie,"10,31",4328,420
Mieszkowice,gryfiński,zachodniopomorskie,"4,73",3609,763
Międzybórz,oleśnicki,dolnośląskie,"6,41",2377,371
Międzychód,międzychodzki,wielkopolskie,"6,98",10 913,1563
Międzylesie,kłodzki,dolnośląskie,"14,37",2749,191
Międzyrzec Podlaski,bialski,lubelskie,"20,03",17 223,860
Międzyrzecz,międzyrzecki,lubuskie,"10,26",18 610,1814
Międzyzdroje,kamieński,zachodniopomorskie,"4,50",5561,1236
Mikołajki,mrągowski,warmińsko-mazurskie,"8,85",3911,442
Mikołów,mikołowski,śląskie,"79,21",39 597,500
Mikstat,ostrzeszowski,wielkopolskie,"2,52",1911,758
Milanówek,grodziski,mazowieckie,"13,44",16 387,1219
Milicz,milicki,dolnośląskie,"13,50",11 874,880
Miłakowo,ostródzki,warmińsko-mazurskie,"8,76",2675,305
Miłomłyn,ostródzki,warmińsko-mazurskie,"12,38",2417,195
Miłosław,wrzesiński,wielkopolskie,"4,07",3627,891
Mińsk Mazowiecki,miński,mazowieckie,"13,18",39 668,3010
Mirosławiec,wałecki,zachodniopomorskie,"2,13",3072,1442
Mirsk,lwówecki,dolnośląskie,"14,66",4109,280
Mława,mławski,mazowieckie,"34,80",30 969,890
Młynary,elbląski,warmińsko-mazurskie,"2,76",1848,670
Mogielnica,grójecki,mazowieckie,"12,98",2417,186
Mogilno,mogileński,kujawsko-pomorskie,"8,32",12 466,1498
Mońki,moniecki,podlaskie,"7,66",10 396,1357
Morąg,ostródzki,warmińsko-mazurskie,"6,11",14 458,2366
Mordy,siedlecki,mazowieckie,"4,54",1833,404
Moryń,gryfiński,zachodniopomorskie,"5,54",1631,294
Mosina,poznański,wielkopolskie,"13,50",12 941,959
Mrągowo,mrągowski,warmińsko-mazurskie,"14,81",22 251,1502
Mrocza,nakielski,kujawsko-pomorskie,"5,01",4390,876
Mszana Dolna,limanowski,małopolskie,"27,10",7876,291
Mszczonów,żyrardowski,mazowieckie,"8,56",6432,751
Murowana Goślina,poznański,wielkopolskie,"7,15",10 437,1460
Muszyna,nowosądecki,małopolskie,"24,43",5115,209
Mysłowice,Mysłowice[1],śląskie,"65,62",75 305,1148
Myszków,myszkowski,śląskie,"73,59",32 694,444
Myszyniec,ostrołęcki,mazowieckie,"10,74",3139,292
Myślenice,myślenicki,małopolskie,"30,22",18 383,608
Myślibórz,myśliborski,zachodniopomorskie,"15,04",11 672,776
Nakło nad Notecią,nakielski,kujawsko-pomorskie,"10,62",19 294,1817
Nałęczów,puławski,lubelskie,"13,82",3958,286
Namysłów,namysłowski,opolskie,"22,61",16 138,714
Narol,lubaczowski,podkarpackie,"12,42",2100,169
Nasielsk,nowodworski,mazowieckie,"12,57",7665,610
Nekla,wrzesiński,wielkopolskie,"19,79",3599,182
Nidzica,nidzicki,warmińsko-mazurskie,"6,86",14 395,2098
Niemcza,dzierżoniowski,dolnośląskie,"19,81",3123,158
Niemodlin,opolski,opolskie,"13,11",6699,511
Niepołomice,wielicki,małopolskie,"27,40",10 482,383
Nieszawa,aleksandrowski,kujawsko-pomorskie,"9,79",1993,204
Nisko,niżański,podkarpackie,"60,96",15 479,254
Nowa Dęba,tarnobrzeski,podkarpackie,"16,70",11 507,689
Nowa Ruda,kłodzki,dolnośląskie,"37,05",23 475,634
Nowa Sarzyna,leżajski,podkarpackie,"9,15",6287,687
Nowa Sól,nowosolski,lubuskie,"21,80",40 022,1836
Nowe,świecki,kujawsko-pomorskie,"3,57",6229,1745
Nowe Brzesko,proszowicki,małopolskie,"7,26",1663,229
Nowe Miasteczko,nowosolski,lubuskie,"3,29",2879,875
Nowe Miasto Lubawskie,nowomiejski,warmińsko-mazurskie,"11,37",11 224,987
Nowe Miasto nad Pilicą,grójecki,mazowieckie,"11,25",3980,354
Nowe Skalmierzyce,ostrowski,wielkopolskie,"1,58",4855,3073
Nowe Warpno,policki,zachodniopomorskie,"24,51",1246,51
Nowogard,goleniowski,zachodniopomorskie,"12,44",16 974,1364
Nowogrodziec,bolesławiecki,dolnośląskie,"16,10",4236,263
Nowogród,łomżyński,podlaskie,"20,55",2191,107
Nowogród Bobrzański,zielonogórski,lubuskie,"14,63",5152,352
Nowy Dwór Gdański,nowodworski,pomorskie,"5,07",10 171,2006
Nowy Dwór Mazowiecki,nowodworski,mazowieckie,"28,21",28 261,1002
Nowy Sącz,Nowy Sącz[1],małopolskie,"57,58",84 129,1461
Nowy Staw,malborski,pomorskie,"4,67",4412,945
Nowy Targ,nowotarski,małopolskie,"51,07",33 804,662
Nowy Tomyśl,nowotomyski,wielkopolskie,"5,20",15 024,2889
Nowy Wiśnicz,bocheński,małopolskie,"4,97",2768,557
Nysa,nyski,opolskie,"27,51",45 232,1644
Oborniki,obornicki,wielkopolskie,"14,08",18 451,1310
Oborniki Śląskie,trzebnicki,dolnośląskie,"14,46",9016,624
Obrzycko,szamotulski,wielkopolskie,"3,74",2359,631
Odolanów,ostrowski,wielkopolskie,"4,76",5089,1069
Ogrodzieniec,zawierciański,śląskie,"28,56",4412,154
Okonek,złotowski,wielkopolskie,"6,01",4030,671
Olecko,olecki,warmińsko-mazurskie,"11,54",16 556,1435
Olesno,oleski,opolskie,"15,08",9574,635
Oleszyce,lubaczowski,podkarpackie,"5,08",3108,612
Oleśnica,oleśnicki,dolnośląskie,"20,96",37 334,1781
Olkusz,olkuski,małopolskie,"25,65",36 993,1442
Olsztyn,Olsztyn[1],warmińsko-mazurskie,"88,33",174 641,1977
Olsztynek,olsztyński,warmińsko-mazurskie,"7,69",7725,1005
Olszyna,lubański,dolnośląskie,"20,26",4476,221
Oława,oławski,dolnośląskie,"27,36",32 091,1173
Opalenica,nowotomyski,wielkopolskie,"6,42",9534,1485
Opatów,opatowski,świętokrzyskie,"9,36",6822,729
Opoczno,opoczyński,łódzkie,"24,75",22 318,902
Opole,Opole[1],opolskie,"96,55",121 576,1259
Opole Lubelskie,opolski,lubelskie,"15,12",8901,589
Orneta,lidzbarski,warmińsko-mazurskie,"9,63",9169,952
Orzesze,mikołowski,śląskie,"83,79",19 823,237
Orzysz,piski,warmińsko-mazurskie,"8,17",5833,714
Osieczna,leszczyński,wielkopolskie,"4,76",2206,463
Osiek,staszowski,świętokrzyskie,"17,43",1990,114
Ostrołęka,Ostrołęka[1],mazowieckie,"28,63",53 287,1861
Ostroróg,szamotulski,wielkopolskie,"1,25",1983,1586
Ostrowiec Świętokrzyski,ostrowiecki,świętokrzyskie,"46,43",72 871,1569
Ostróda,ostródzki,warmińsko-mazurskie,"14,15",34 047,2406
Ostrów Lubelski,lubartowski,lubelskie,"29,77",2188,73
Ostrów Mazowiecka,ostrowski,mazowieckie,"22,27",22 837,1025
Ostrów Wielkopolski,ostrowski,wielkopolskie,"41,90",72 933,1741
Ostrzeszów,ostrzeszowski,wielkopolskie,"12,13",14 546,1199
Ośno Lubuskie,słubicki,lubuskie,"8,01",3880,484
Oświęcim,oświęcimski,małopolskie,"30,00",39 893,1330
Otmuchów,nyski,opolskie,"27,82",5137,185
Otwock,otwocki,mazowieckie,"47,31",44 944,950
Ozimek,opolski,opolskie,"3,25",9283,2856
Ozorków,zgierski,łódzkie,"15,46",20 286,1312
Ożarów,opatowski,świętokrzyskie,"7,79",4760,611
Ożarów Mazowiecki,warszawski zachodni,mazowieckie,"5,71",10 378,1818
Pabianice,pabianicki,łódzkie,"32,99",68 321,2071
Paczków,nyski,opolskie,"6,60",7898,1197
Pajęczno,pajęczański,łódzkie,"20,23",6817,337
Pakość,inowrocławski,kujawsko-pomorskie,"3,46",5790,1673
Parczew,parczewski,lubelskie,"8,05",10 951,1360
Pasłęk,elbląski,warmińsko-mazurskie,"10,63",12 421,1168
Pasym,szczycieński,warmińsko-mazurskie,"15,18",2542,167
Pelplin,tczewski,pomorskie,"4,42",8237,1864
Pełczyce,choszczeński,zachodniopomorskie,"13,07",2682,205
Piaseczno,piaseczyński,mazowieckie,"16,22",44 017,2714
Piaski,świdnicki,lubelskie,"8,44",2681,318
Piastów,pruszkowski,mazowieckie,"5,76",22 914,3978
Piechowice,jeleniogórski,dolnośląskie,"43,22",6508,151
Piekary Śląskie,Piekary Śląskie[1],śląskie,"39,98",57 502,1438
Pieniężno,braniewski,warmińsko-mazurskie,"3,81",2952,775
Pieńsk,zgorzelecki,dolnośląskie,"9,92",5964,601
Pieszyce,dzierżoniowski,dolnośląskie,"63,61",9678,152
Pilawa,garwoliński,mazowieckie,"6,62",4374,661
Pilica,zawierciański,śląskie,"8,22",1970,240
Pilzno,dębicki,podkarpackie,"16,04",4762,297
Piła,pilski,wielkopolskie,"102,68",74 930,730
Piława Górna,dzierżoniowski,dolnośląskie,"20,93",6749,322
Pińczów,pińczowski,świętokrzyskie,"14,33",11 471,800
Pionki,radomski,mazowieckie,"18,40",19 550,1063
Piotrków Kujawski,radziejowski,kujawsko-pomorskie,"9,76",4467,458
Piotrków Trybunalski,Piotrków Trybunalski[1],łódzkie,"67,24",76 404,1136
Pisz,piski,warmińsko-mazurskie,"10,08",19 547,1939
Piwniczna-Zdrój,nowosądecki,małopolskie,"38,30",5993,156
Pleszew,pleszewski,wielkopolskie,"13,38",17 862,1335
Płock,Płock[1],mazowieckie,"88,04",123 627,1404
Płońsk,płoński,mazowieckie,"11,60",22 597,1948
Płoty,gryficki,zachodniopomorskie,"4,12",4080,990
Pniewy,szamotulski,wielkopolskie,"9,32",7959,854
Pobiedziska,poznański,wielkopolskie,"10,24",8997,879
Poddębice,poddębicki,łódzkie,"5,87",7812,1331
Podkowa Leśna,grodziski,mazowieckie,"10,13",3923,387
Pogorzela,gostyński,wielkopolskie,"4,36",2050,470
Polanica-Zdrój,kłodzki,dolnośląskie,"17,22",6706,389
Polanów,koszaliński,zachodniopomorskie,"7,37",3076,417
Police,policki,zachodniopomorskie,"37,31",33 816,906
Polkowice,polkowicki,dolnośląskie,"23,74",22 691,956
Połaniec,staszowski,świętokrzyskie,"17,41",8328,478
Połczyn-Zdrój,świdwiński,zachodniopomorskie,"7,21",8529,1183
Poniatowa,opolski,lubelskie,"15,26",9776,641
Poniec,gostyński,wielkopolskie,"3,48",2900,833
Poręba,zawierciański,śląskie,"39,99",8833,221
Poznań,Poznań[1],wielkopolskie,"261,91",550 742,2103
Prabuty,kwidzyński,pomorskie,"7,29",8855,1215
Praszka,oleski,opolskie,"9,35",8052,861
Prochowice,legnicki,dolnośląskie,"9,85",3657,371
Proszowice,proszowicki,małopolskie,"7,33",6242,852
Prószków,opolski,opolskie,"16,22",2639,163
Pruchnik,jarosławski,podkarpackie,"19,91",3716,187
Prudnik,prudnicki,opolskie,"20,50",21 979,1072
Prusice,trzebnicki,dolnośląskie,"10,94",2268,207
Pruszcz Gdański,gdański,pomorskie,"16,47",28 621,1738
Pruszków,pruszkowski,mazowieckie,"19,19",59 025,3076
Przasnysz,przasnyski,mazowieckie,"25,16",17 430,693
Przecław,mielecki,podkarpackie,"16,04",1682,105
Przedbórz,radomszczański,łódzkie,"6,08",3737,615
Przedecz,kolski,wielkopolskie,"2,98",1782,598
Przemków,polkowicki,dolnośląskie,"6,17",6500,1053
Przemyśl,Przemyśl[1],podkarpackie,"46,17",64 276,1392
Przeworsk,przeworski,podkarpackie,"22,13",15 915,719
Przysucha,przysuski,mazowieckie,"7,02",6236,888
Pszczyna,pszczyński,śląskie,"22,49",26 003,1156
Pszów,wodzisławski,śląskie,"20,44",14 269,698
Puck,pucki,pomorskie,"4,79",11 520,2405
Puławy,puławski,lubelskie,"50,49",49 456,980
Pułtusk,pułtuski,mazowieckie,"22,99",19 191,835
Puszczykowo,poznański,wielkopolskie,"16,39",9787,597
Pyrzyce,pyrzycki,zachodniopomorskie,"38,79",12 875,332
Pyskowice,gliwicki,śląskie,"30,89",18 704,606
Pyzdry,wrzesiński,wielkopolskie,"12,16",3255,268
Rabka-Zdrój,nowotarski,małopolskie,"36,31",13 212,364
Raciąż,płoński,mazowieckie,"8,40",4707,560
Racibórz,raciborski,śląskie,"75,01",56 084,748
Radków,kłodzki,dolnośląskie,"15,03",2508,167
Radlin,wodzisławski,śląskie,"12,53",18 146,1448
Radłów,tarnowski,małopolskie,"16,83",2739,163
Radom,Radom[1],mazowieckie,"111,80",219 703,1965
Radomsko,radomszczański,łódzkie,"51,43",47 947,932
Radomyśl Wielki,mielecki,podkarpackie,"8,79",3079,350
Radymno,jarosławski,podkarpackie,"13,62",5528,406
Radziejów,radziejowski,kujawsko-pomorskie,"5,69",5876,1033
Radzionków,tarnogórski,śląskie,"13,20",17 141,1299
Radzymin,wołomiński,mazowieckie,"23,39",10 993,470
Radzyń Chełmiński,grudziądzki,kujawsko-pomorskie,"1,78",1912,1074
Radzyń Podlaski,radzyński,lubelskie,"19,31",16 298,844
Rajgród,grajewski,podlaskie,"35,28",1659,47
Rakoniewice,grodziski,wielkopolskie,"3,37",3534,1049
Raszków,ostrowski,wielkopolskie,"2,05",2073,1011
Rawa Mazowiecka,rawski,łódzkie,"14,28",17 819,1248
Rawicz,rawicki,wielkopolskie,"7,74",20 994,2712
Recz,choszczeński,zachodniopomorskie,"12,40",2973,240
Reda,wejherowski,pomorskie,"33,46",22 479,672
Rejowiec Fabryczny,chełmski,lubelskie,"14,28",4545,318
Resko,łobeski,zachodniopomorskie,"4,49",4398,980
Reszel,kętrzyński,warmińsko-mazurskie,"3,82",4896,1282
Rogoźno,obornicki,wielkopolskie,"11,24",11 158,993
Ropczyce,ropczycko-sędziszowski,podkarpackie,"47,10",15 655,332
Różan,makowski,mazowieckie,"6,66",2740,411
Ruciane-Nida,piski,warmińsko-mazurskie,"17,07",4752,278
Ruda Śląska,Ruda Śląska[1],śląskie,"77,73",142 346,1831
Rudnik nad Sanem,niżański,podkarpackie,"36,60",6883,188
Rumia,wejherowski,pomorskie,"30,10",47 304,1572
Rybnik,Rybnik[1],śląskie,"148,36",140 789,949
Rychwał,koniński,wielkopolskie,"9,70",2364,244
Rydułtowy,wodzisławski,śląskie,"14,95",21 928,1467
Rydzyna,leszczyński,wielkopolskie,"2,20",2711,1232
Ryglice,tarnowski,małopolskie,"25,15",2880,115
Ryki,rycki,lubelskie,"27,22",9989,367
Rymanów,krośnieński,podkarpackie,"12,39",3753,303
Ryn,giżycki,warmińsko-mazurskie,"4,14",2948,712
Rypin,rypiński,kujawsko-pomorskie,"10,96",16 859,1538
Rzepin,słubicki,lubuskie,"11,42",6706,587
Rzeszów,Rzeszów[1],podkarpackie,"116,36",182 028,1564
Rzgów,łódzki wschodni,łódzkie,"16,77",3437,205
Sandomierz,sandomierski,świętokrzyskie,"28,69",24 731,862
Sanok,sanocki,podkarpackie,"38,08",39 375,1034
Sejny,sejneński,podlaskie,"4,49",5641,1256
Serock,legionowski,mazowieckie,"13,43",4089,304
Sędziszów,jędrzejowski,świętokrzyskie,"7,92",6701,846
Sędziszów Małopolski,ropczycko-sędziszowski,podkarpackie,"9,96",7481,751
Sępopol,bartoszycki,warmińsko-mazurskie,"4,63",2093,452
Sępólno Krajeńskie,sępoleński,kujawsko-pomorskie,"6,55",9332,1425
Sianów,koszaliński,zachodniopomorskie,"15,88",6643,418
Siechnice,wrocławski,dolnośląskie,"15,63",5762,369
Siedlce,Siedlce[1],mazowieckie,"31,86",76 393,2398
Siemianowice Śląskie,Siemianowice Śląskie[1],śląskie,"25,50",69 539,2727
Siemiatycze,siemiatycki,podlaskie,"36,25",14 851,410
Sieniawa,przeworski,podkarpackie,"6,74",2198,326
Sieradz,sieradzki,łódzkie,"51,22",43 651,852
Sieraków,międzychodzki,wielkopolskie,"14,08",6118,435
Sierpc,sierpecki,mazowieckie,"18,59",18 632,1002
Siewierz,będziński,śląskie,"38,66",5478,142
Skalbmierz,kazimierski,świętokrzyskie,"7,13",1340,188
Skała,krakowski,małopolskie,"2,97",3744,1261
Skarszewy,starogardzki,pomorskie,"10,79",7105,658
Skaryszew,radomski,mazowieckie,"27,49",4285,156
Skarżysko-Kamienna,skarżyski,świętokrzyskie,"64,39",47 987,745
Skawina,krakowski,małopolskie,"20,50",24 280,1184
Skępe,lipnowski,kujawsko-pomorskie,"7,48",3688,493
Skierniewice,Skierniewice[1],łódzkie,"34,41",48 695,1415
Skoczów,cieszyński,śląskie,"9,85",14 868,1509
Skoki,wągrowiecki,wielkopolskie,"11,20",4146,370
Skórcz,starogardzki,pomorskie,"3,63",3605,993
Skwierzyna,międzyrzecki,lubuskie,"35,89",9941,277
Sława,wschowski,lubuskie,"14,31",3957,277
Sławków,będziński,śląskie,"36,67",7100,194
Sławno,sławieński,zachodniopomorskie,"15,83",12 992,821
Słomniki,krakowski,małopolskie,"3,43",4442,1295
Słubice,słubicki,lubuskie,"19,21",16 902,880
Słupca,słupecki,wielkopolskie,"10,30",14 063,1365
Słupsk,Słupsk[1],pomorskie,"43,15",94 849,2198
Sobótka,wrocławski,dolnośląskie,"32,20",7050,219
Sochaczew,sochaczewski,mazowieckie,"26,19",37 729,1441
Sokołów Małopolski,rzeszowski,podkarpackie,"15,54",4028,259
Sokołów Podlaski,sokołowski,mazowieckie,"17,51",18 732,1070
Sokółka,sokólski,podlaskie,"18,59",18 902,1017
Solec Kujawski,bydgoski,kujawsko-pomorskie,"18,68",15 697,840
Sompolno,koniński,wielkopolskie,"6,21",3685,593
Sopot,Sopot[1],pomorskie,"17,28",38 217,2212
Sosnowiec,Sosnowiec[1],śląskie,"91,06",213 513,2345
Sośnicowice,gliwicki,śląskie,"11,67",1854,159
Stalowa Wola,stalowowolski,podkarpackie,"82,52",64 189,778
Starachowice,starachowicki,świętokrzyskie,"31,82",51 695,1625
Stargard Szczeciński,stargardzki,zachodniopomorskie,"48,08",69 724,1450
Starogard Gdański,starogardzki,pomorskie,"25,28",48 808,1931
Stary Sącz,nowosądecki,małopolskie,"15,00",9121,608
Staszów,staszowski,świętokrzyskie,"26,88",15 517,577
Stawiski,kolneński,podlaskie,"13,24",2410,182
Stawiszyn,kaliski,wielkopolskie,"0,99",1585,1601
Stąporków,konecki,świętokrzyskie,"10,94",6085,556
Stęszew,poznański,wielkopolskie,"5,69",5824,1024
Stoczek Łukowski,łukowski,lubelskie,"9,15",2727,298
Stronie Śląskie,kłodzki,dolnośląskie,"2,38",6005,2523
Strumień,cieszyński,śląskie,"6,29",3607,573
Stryków,zgierski,łódzkie,"8,15",3552,436
Strzegom,świdnicki,dolnośląskie,"20,49",16 881,824
Strzelce Krajeńskie,strzelecko-drezdenecki,lubuskie,"5,54",10 212,1843
Strzelce Opolskie,strzelecki,opolskie,"29,97",18 610,621
Strzelin,strzeliński,dolnośląskie,"10,34",12 575,1216
Strzelno,mogileński,kujawsko-pomorskie,"4,46",5858,1313
Strzyżów,strzyżowski,podkarpackie,"13,89",8930,643
Sucha Beskidzka,suski,małopolskie,"27,65",9499,344
Suchań,stargardzki,zachodniopomorskie,"3,57",1475,413
Suchedniów,skarżyski,świętokrzyskie,"59,40",8747,147
Suchowola,sokólski,podlaskie,"25,95",2272,88
Sulechów,zielonogórski,lubuskie,"6,88",17 680,2570
Sulejów,piotrkowski,łódzkie,"26,26",6446,245
Sulejówek,miński,mazowieckie,"19,31",19 328,1001
Sulęcin,sulęciński,lubuskie,"8,56",10 277,1201
Sulmierzyce,krotoszyński,wielkopolskie,"29,29",2895,99
Sułkowice,myślenicki,małopolskie,"16,46",6537,397
Supraśl,białostocki,podlaskie,"5,69",4673,821
Suraż,białostocki,podlaskie,"33,86",1012,30
Susz,iławski,warmińsko-mazurskie,"6,67",5728,859
Suwałki,Suwałki[1],podlaskie,"65,51",69 404,1059
Swarzędz,poznański,wielkopolskie,"8,23",31 100,3779
Syców,oleśnicki,dolnośląskie,"17,05",10 452,613
Szadek,zduńskowolski,łódzkie,"17,93",2038,114
Szamocin,chodzieski,wielkopolskie,"4,67",4330,927
Szamotuły,szamotulski,wielkopolskie,"11,08",19 001,1715
Szczawnica,nowotarski,małopolskie,"32,90",5942,181
Szczawno-Zdrój,wałbrzyski,dolnośląskie,"14,74",5882,399
Szczebrzeszyn,zamojski,lubelskie,"29,12",5276,181
Szczecin,Szczecin[1],zachodniopomorskie,"300,55",408 913,1361
Szczecinek,szczecinecki,zachodniopomorskie,"48,48",40 723,840
Szczekociny,zawierciański,śląskie,"18,03",3772,209
Szczucin,dąbrowski,małopolskie,"6,85",4175,609
Szczuczyn,grajewski,podlaskie,"13,23",3459,261
Szczyrk,bielski,śląskie,"39,07",5760,147
Szczytna,kłodzki,dolnośląskie,"80,38",5348,67
Szczytno,szczycieński,warmińsko-mazurskie,"10,62",24 805,2336
Szepietowo,wysokomazowiecki,podlaskie,"1,96",2322,1185
Szklarska Poręba,jeleniogórski,dolnośląskie,"75,44",6897,91
Szlichtyngowa,wschowski,lubuskie,"1,55",1337,863
Szprotawa,żagański,lubuskie,"10,95",12 445,1137
Sztum,sztumski,pomorskie,"4,59",10 377,2261
Szubin,nakielski,kujawsko-pomorskie,"7,65",9487,1240
Szydłowiec,szydłowiecki,mazowieckie,"21,89",12 142,555
Ścinawa,lubiński,dolnośląskie,"13,54",5879,434
Ślesin,koniński,wielkopolskie,"7,18",3152,439
Śmigiel,kościański,wielkopolskie,"5,30",5572,1051
Śrem,śremski,wielkopolskie,"12,37",30 350,2454
Środa Śląska,średzki,dolnośląskie,"14,94",9278,621
Środa Wielkopolska,średzki,wielkopolskie,"17,98",22 425,1247
Świątniki Górne,krakowski,małopolskie,"4,44",2364,532
Świdnica,świdnicki,dolnośląskie,"21,76",59 737,2745
Świdnik,świdnicki,lubelskie,"20,35",40 373,1984
Świdwin,świdwiński,zachodniopomorskie,"22,38",15 798,706
Świebodzice,świdnicki,dolnośląskie,"30,43",23 306,766
Świebodzin,świebodziński,lubuskie,"16,93",22 109,1306
Świecie,świecki,kujawsko-pomorskie,"11,87",26 482,2231
Świeradów-Zdrój,lubański,dolnośląskie,"20,72",4403,213
Świerzawa,złotoryjski,dolnośląskie,"1,76",2409,1369
Świętochłowice,Świętochłowice[1],śląskie,"13,31",52 372,3935
Świnoujście,Świnoujście[1],zachodniopomorskie,"197,23",41 509,210
Tarczyn,piaseczyński,mazowieckie,"5,23",4121,788
Tarnobrzeg,Tarnobrzeg[1],podkarpackie,"85,40",48 558,569
Tarnogród,biłgorajski,lubelskie,"10,69",3467,324
Tarnowskie Góry,tarnogórski,śląskie,"83,72",61 002,729
Tarnów,Tarnów[1],małopolskie,"72,38",112 952,1561
Tczew,tczewski,pomorskie,"22,38",60 769,2715
Terespol,bialski,lubelskie,"10,11",5840,578
Tłuszcz,wołomiński,mazowieckie,"7,91",7960,1006
Tolkmicko,elbląski,warmińsko-mazurskie,"2,29",2792,1219
Tomaszów Lubelski,tomaszowski,lubelskie,"13,29",20 209,1521
Tomaszów Mazowiecki,tomaszowski,łódzkie,"41,30",65 454,1585
Toruń,Toruń[1],kujawsko-pomorskie,"115,72",204 299,1765
Torzym,sulęciński,lubuskie,"9,11",2592,285
Toszek,gliwicki,śląskie,"9,71",3695,381
Trzcianka,czarnkowsko-trzcianecki,wielkopolskie,"18,30",17 382,950
Trzciel,międzyrzecki,lubuskie,"3,04",2476,814
Trzcińsko-Zdrój,gryfiński,zachodniopomorskie,"2,33",2479,1064
Trzebiatów,gryficki,zachodniopomorskie,"10,25",10 250,1000
Trzebinia,chrzanowski,małopolskie,"31,94",20 309,636
Trzebnica,trzebnicki,dolnośląskie,"8,36",12 741,1524
Trzemeszno,gnieźnieński,wielkopolskie,"5,46",7845,1437
Tuchola,tucholski,kujawsko-pomorskie,"17,69",13 990,791
Tuchów,tarnowski,małopolskie,"18,10",6729,372
Tuczno,wałecki,zachodniopomorskie,"9,21",1985,216
Tuliszków,turecki,wielkopolskie,"7,00",3405,486
Turek,turecki,wielkopolskie,"16,17",28 655,1772
Tuszyn,łódzki wschodni,łódzkie,"23,25",7306,314
Twardogóra,oleśnicki,dolnośląskie,"8,29",6789,819
Tychowo,białogardzki,zachodniopomorskie,"3,96",2542,642
Tychy,Tychy[1],śląskie,"81,81",129 112,1578
Tyczyn,rzeszowski,podkarpackie,"9,67",3602,372
Tykocin,białostocki,podlaskie,"28,97",2010,69
Tyszowce,tomaszowski,lubelskie,"18,52",2200,119
Ujazd,strzelecki,opolskie,"14,76",1719,116
Ujście,pilski,wielkopolskie,"5,78",3868,669
Ulanów,niżański,podkarpackie,"8,20",1482,181
Uniejów,poddębicki,łódzkie,"12,23",3021,247
Ustka,słupski,pomorskie,"10,19",16 379,1607
Ustroń,cieszyński,śląskie,"59,03",16 002,271
Ustrzyki Dolne,bieszczadzki,podkarpackie,"16,79",9521,567
Wadowice,wadowicki,małopolskie,"10,54",19 356,1836
Wałbrzych,Wałbrzych[1],dolnośląskie,"84,70",119 171,1407
Wałcz,wałecki,zachodniopomorskie,"38,17",26 417,692
Warka,grójecki,mazowieckie,"26,77",11 666,436
Warszawa,M. st. Warszawa[1],mazowieckie,"517,24",1 715 517,3317
Warta,sieradzki,łódzkie,"10,85",3354,309
Wasilków,białostocki,podlaskie,"28,26",10 326,365
Wąbrzeźno,wąbrzeski,kujawsko-pomorskie,"8,53",14 114,1655
Wąchock,starachowicki,świętokrzyskie,"16,02",2889,180
Wągrowiec,wągrowiecki,wielkopolskie,"17,83",25 276,1418
Wąsosz,górowski,dolnośląskie,"3,24",2819,870
Wejherowo,wejherowski,pomorskie,"26,99",50 375,1866
Węgliniec,zgorzelecki,dolnośląskie,"8,73",3049,349
Węgorzewo,węgorzewski,warmińsko-mazurskie,"10,88",11 774,1082
Węgorzyno,łobeski,zachodniopomorskie,"6,85",2906,424
Węgrów,węgrowski,mazowieckie,"35,51",12 783,360
Wiązów,strzeliński,dolnośląskie,"9,16",2341,256
Wieleń,czarnkowsko-trzcianecki,wielkopolskie,"4,33",6029,1392
Wielichowo,grodziski,wielkopolskie,"1,24",1783,1438
Wieliczka,wielicki,małopolskie,"13,41",20 988,1565
Wieluń,wieluński,łódzkie,"16,87",23 837,1413
Wieruszów,wieruszowski,łódzkie,"5,97",8745,1465
Więcbork,sępoleński,kujawsko-pomorskie,"4,31",6013,1395
Wilamowice,bielski,śląskie,"10,36",3011,291
Wisła,cieszyński,śląskie,"110,17",11 333,103
Witkowo,gnieźnieński,wielkopolskie,"8,31",7954,957
Witnica,gorzowski,lubuskie,"8,24",7000,850
Wleń,lwówecki,dolnośląskie,"7,22",1855,257
Władysławowo,pucki,pomorskie,"39,22",15 382,392
Włocławek,Włocławek[1],kujawsko-pomorskie,"84,32",115 546,1370
Włodawa,włodawski,lubelskie,"17,97",13 719,763
Włoszczowa,włoszczowski,świętokrzyskie,"30,30",10 675,352
Wodzisław Śląski,wodzisławski,śląskie,"49,51",49 238,995
Wojcieszów,złotoryjski,dolnośląskie,"32,17",3895,121
Wojkowice,będziński,śląskie,"12,79",9172,717
Wojnicz,tarnowski,małopolskie,"8,50",3428,403
Wolbórz,piotrkowski,łódzkie,"15,18",2365,156
Wolbrom,olkuski,małopolskie,"10,12",8926,882
Wolin,kamieński,zachodniopomorskie,"14,47",4968,343
Wolsztyn,wolsztyński,wielkopolskie,"4,78",13 662,2858
Wołczyn,kluczborski,opolskie,"7,47",6068,812
Wołomin,wołomiński,mazowieckie,"17,24",37 459,2173
Wołów,wołowski,dolnośląskie,"18,54",12 640,682
Woźniki,lubliniecki,śląskie,"71,01",4457,63
Wrocław,Wrocław[1],dolnośląskie,"292,82",631 188,2156
Wronki,szamotulski,wielkopolskie,"5,81",11 615,1999
Września,wrzesiński,wielkopolskie,"12,73",29 564,2322
Wschowa,wschowski,lubuskie,"8,39",14 322,1707
Wyrzysk,pilski,wielkopolskie,"4,12",5226,1268
Wysoka,pilski,wielkopolskie,"4,82",2742,569
Wysokie Mazowieckie,wysokomazowiecki,podlaskie,"15,24",9470,621
Wyszków,wyszkowski,mazowieckie,"20,78",27 309,1314
Wyszogród,płocki,mazowieckie,"12,97",2740,211
Wyśmierzyce,białobrzeski,mazowieckie,"16,84",908,54
Zabłudów,białostocki,podlaskie,"14,30",2504,175
Zabrze,Zabrze[1],śląskie,"80,40",179 452,2232
Zagórów,słupecki,wielkopolskie,"3,44",3054,888
Zagórz,sanocki,podkarpackie,"22,29",5100,229
Zakliczyn,tarnowski,małopolskie,"4,02",1646,409
Zakopane,tatrzański,małopolskie,"84,26",27 837,330
Zakroczym,nowodworski,mazowieckie,"19,97",3249,163
Zalewo,iławski,warmińsko-mazurskie,"8,22",2222,270
Zambrów,zambrowski,podlaskie,"19,02",22 643,1190
Zamość,Zamość[1],lubelskie,"30,34",65 612,2163
Zator,oświęcimski,małopolskie,"11,52",3694,321
Zawadzkie,strzelecki,opolskie,"16,46",7703,468
Zawichost,sandomierski,świętokrzyskie,"20,29",1877,93
Zawidów,zgorzelecki,dolnośląskie,"6,07",4356,718
Zawiercie,zawierciański,śląskie,"85,25",51 688,606
Ząbki,wołomiński,mazowieckie,"10,98",30 879,2812
Ząbkowice Śląskie,ząbkowicki,dolnośląskie,"13,67",15 835,1158
Zbąszynek,świebodziński,lubuskie,"2,90",5082,1752
Zbąszyń,nowotomyski,wielkopolskie,"5,42",7192,1327
Zduny,krotoszyński,wielkopolskie,"6,20",4562,736
Zduńska Wola,zduńskowolski,łódzkie,"24,57",43 920,1788
Zdzieszowice,krapkowicki,opolskie,"12,35",12 087,979
Zelów,bełchatowski,łódzkie,"10,75",7830,728
Zgierz,zgierski,łódzkie,"42,33",57 803,1366
Zgorzelec,zgorzelecki,dolnośląskie,"15,88",32 278,2033
Zielona Góra,Zielona Góra[1],lubuskie,"58,34",119 023,2040
Zielonka,wołomiński,mazowieckie,"79,48",17 394,219
Ziębice,ząbkowicki,dolnośląskie,"15,07",9200,610
Złocieniec,drawski,zachodniopomorskie,"32,28",13 331,413
Złoczew,sieradzki,łódzkie,"13,79",3389,246
Złotoryja,złotoryjski,dolnośląskie,"11,51",16 406,1425
Złotów,złotowski,wielkopolskie,"11,58",18 757,1620
Złoty Stok,ząbkowicki,dolnośląskie,"7,73",2941,380
Zwierzyniec,zamojski,lubelskie,"6,19",3342,540
Zwoleń,zwoleński,mazowieckie,"15,91",8211,516
Żabno,tarnowski,małopolskie,"11,13",4277,384
Żagań,żagański,lubuskie,"40,38",26 653,660
Żarki,myszkowski,śląskie,"25,44",4461,175
Żarów,świdnicki,dolnośląskie,"7,04",6949,987
Żary,żarski,lubuskie,"33,49",39 066,1166
Żelechów,garwoliński,mazowieckie,"12,13",4152,342
Żerków,jarociński,wielkopolskie,"2,16",2164,1002
Żmigród,trzebnicki,dolnośląskie,"9,49",6538,689
Żnin,żniński,kujawsko-pomorskie,"8,35",14 281,1710
Żory,Żory[1],śląskie,"64,64",62 052,960
Żukowo,kartuski,pomorskie,"4,73",6500,1374
Żuromin,żuromiński,mazowieckie,"11,18",9016,806
Żychlin,kutnowski,łódzkie,"8,68",8688,1001
Żyrardów,żyrardowski,mazowieckie,"14,35",41 318,2879
Żywiec,żywiecki,śląskie,"50,54",32 341,640
